{
  "sample_count": 1440,
  "score_stats": {
    "min": -0.055828138008023886,
    "max": 0.1626958820196875,
    "mean": 0.09419252286403976,
    "median": 0.10412253127549279,
    "std": 0.04671479131642858,
    "p5": 2.2778410017562645e-17,
    "p1": -0.023597983198997165,
    "p0.1": -0.04554881954225914
  },
  "temp_stats": {
    "min": 20.508705896441978,
    "max": 34.48234870017441,
    "mean": 27.50436774882855,
    "std": 3.51195048642513
  },
  "threshold": {
    "current": -0.3,
    "recommended": -0.067,
    "current_fp_count": 0,
    "current_fp_rate": 0.0,
    "margin_below_min": 0.0112
  },
  "source": "simulate",
  "collected_at": "2026-06-21T23:31:51.490610+00:00"
}